{"chunk_definitions":[{"chunk_id":"ci28gb3ohusys","chunk_label":"local serve","document_id":"7F020EC5","expansion_state":0,"options":{"echo":false,"engine":"r","eval":false,"label":"local serve"},"row":20,"row_count":1,"visible":true},{"chunk_id":"csetup_chunk","chunk_label":"setup","document_id":"7F020EC5","expansion_state":0,"options":{"engine":"r","include":false,"label":"setup"},"row":25,"row_count":1,"visible":true},{"chunk_id":"cirhfkn5xfqxs","chunk_label":"unnamed-chunk-1","document_id":"7F020EC5","expansion_state":0,"options":{"echo":false,"engine":"r","label":"unnamed-chunk-5"},"row":50,"row_count":1,"visible":true}],"default_chunk_options":{"echo":true,"message":false,"warning":false},"doc_write_time":1578294044,"working_dir":null}