{"chunk_definitions":[{"chunk_id":"c8vnnink5frkj","chunk_label":"local serve","document_id":"1EA194C7","expansion_state":0,"options":{"echo":false,"engine":"r","eval":false,"label":"local serve"},"row":20,"row_count":1,"visible":true},{"chunk_id":"csetup_chunk","chunk_label":"setup","document_id":"1EA194C7","expansion_state":0,"options":{"engine":"r","include":false,"label":"setup"},"row":27,"row_count":1,"visible":true},{"chunk_id":"cf0xeviq6ozs8","chunk_label":"unnamed-chunk-1","document_id":"1EA194C7","expansion_state":0,"options":{"echo":false,"engine":"r","eval":false,"label":"unnamed-chunk-15"},"row":38,"row_count":1,"visible":true},{"chunk_id":"cs828592q7nsw","chunk_label":"unnamed-chunk-5","document_id":"1EA194C7","expansion_state":0,"options":{"engine":"r","label":"unnamed-chunk-3"},"row":107,"row_count":1,"visible":true}],"default_chunk_options":{"echo":false,"message":false,"warning":false},"doc_write_time":1578464881,"working_dir":null}