{"chunk_definitions":[{"chunk_id":"csetup_chunk","chunk_label":"setup","document_id":"6E393117","expansion_state":0,"options":{"engine":"r","include":false,"label":"setup"},"row":6,"row_count":1,"visible":true},{"chunk_id":"ceyj3okys906z","chunk_label":"unnamed-chunk-1","document_id":"6E393117","expansion_state":0,"options":{"echo":false,"engine":"r","eval":true,"label":"unnamed-chunk-3"},"row":29,"row_count":1,"visible":true}],"default_chunk_options":{"echo":true,"message":false,"warning":false},"doc_write_time":1578365074,"working_dir":null}