{"chunk_definitions":[{"chunk_id":"ci9jzf0m761o1","chunk_label":"local serve","document_id":"1EA194C7","expansion_state":0,"options":{"echo":false,"engine":"r","eval":false,"label":"local serve"},"row":20,"row_count":1,"visible":true},{"chunk_id":"csetup_chunk","chunk_label":"setup","document_id":"1EA194C7","expansion_state":0,"options":{"engine":"r","include":false,"label":"setup"},"row":26,"row_count":1,"visible":true},{"chunk_id":"cu75nod8o5xzw","chunk_label":"unnamed-chunk-3","document_id":"66816641","expansion_state":0,"options":{"echo":false,"engine":"r","eval":false,"label":"unnamed-chunk-11"},"row":62,"row_count":1,"visible":true},{"chunk_id":"cs828592q7nsw","chunk_label":"unnamed-chunk-4","document_id":"1EA194C7","expansion_state":0,"options":{"engine":"r","label":"unnamed-chunk-3"},"row":79,"row_count":1,"visible":true}],"doc_write_time":1578439746}