{"chunk_definitions":[{"chunk_id":"cpdmgxmdu85yr","chunk_label":"local serve","document_id":"B738C810","expansion_state":0,"options":{"echo":false,"engine":"r","eval":false,"label":"local serve"},"row":19,"row_count":1,"visible":true},{"chunk_id":"csetup_chunk","chunk_label":"setup","document_id":"B738C810","expansion_state":0,"options":{"engine":"r","include":false,"label":"setup"},"row":24,"row_count":1,"visible":true}],"default_chunk_options":{"echo":true,"message":false,"warning":false},"doc_write_time":1578463367,"working_dir":null}