{"chunk_definitions":[{"chunk_id":"ci9jzf0m761o1","chunk_label":"local serve","document_id":"1EA194C7","expansion_state":0,"options":{"echo":false,"engine":"r","eval":false,"label":"local serve"},"row":20,"row_count":1,"visible":true},{"chunk_id":"csetup_chunk","chunk_label":"setup","document_id":"1EA194C7","expansion_state":0,"options":{"engine":"r","include":false,"label":"setup"},"row":26,"row_count":1,"visible":true},{"chunk_id":"cwvuj4wk27vvk","chunk_label":"unnamed-chunk-1","document_id":"66816641","expansion_state":0,"options":{"echo":false,"engine":"r","eval":false,"label":"unnamed-chunk-2"},"row":36,"row_count":1,"visible":true},{"chunk_id":"cs828592q7nsw","chunk_label":"unnamed-chunk-4","document_id":"1EA194C7","expansion_state":0,"options":{"engine":"r","label":"unnamed-chunk-3"},"row":81,"row_count":1,"visible":true}],"default_chunk_options":{},"doc_write_time":1578440478,"working_dir":null}