{"chunk_definitions":[{"chunk_id":"csetup_chunk","chunk_label":"setup","document_id":"25994F7E","expansion_state":0,"options":{"engine":"r","include":false,"label":"setup"},"row":20,"row_count":1,"visible":true},{"chunk_id":"c8mq6txx7lhi2","chunk_label":"local serve","document_id":"25994F7E","expansion_state":0,"options":{"echo":false,"engine":"r","eval":false,"label":"local serve"},"row":28,"row_count":1,"visible":true},{"chunk_id":"cxlehzckic8yc","chunk_label":"open browser","document_id":"25994F7E","expansion_state":0,"options":{"echo":false,"engine":"r","eval":false,"label":"open browser"},"row":33,"row_count":1,"visible":true},{"chunk_id":"chsxk1v2xmtgb","chunk_label":"unnamed-chunk-4","document_id":"25994F7E","expansion_state":0,"options":{"engine":"r","label":"unnamed-chunk-3"},"row":60,"row_count":1,"visible":true}],"default_chunk_options":{"echo":false,"eval":true},"doc_write_time":1577451398,"working_dir":null}