{"chunk_definitions":[{"chunk_id":"csetup_chunk","chunk_label":"setup","document_id":"EE3CD116","expansion_state":0,"options":{"engine":"r","include":false,"label":"setup"},"row":19,"row_count":1,"visible":true},{"chunk_id":"c5rabr7yskh2m","chunk_label":"local serve","document_id":"EE3CD116","expansion_state":0,"options":{"echo":false,"engine":"r","eval":false,"label":"local serve"},"row":127,"row_count":1,"visible":true}],"default_chunk_options":{"echo":true},"doc_write_time":1577863301,"working_dir":null}