{"chunk_definitions":[{"chunk_id":"ci28gb3ohusys","chunk_label":"local serve","document_id":"7F020EC5","expansion_state":0,"options":{"echo":false,"engine":"r","eval":false,"label":"local serve"},"row":20,"row_count":1,"visible":true},{"chunk_id":"csetup_chunk","chunk_label":"setup","document_id":"7F020EC5","expansion_state":0,"options":{"engine":"r","include":false,"label":"setup"},"row":25,"row_count":1,"visible":true},{"chunk_id":"cndsm36a1ctvb","chunk_label":"unnamed-chunk-1","document_id":"5201139C","expansion_state":0,"options":{"echo":false,"engine":"r","eval":false,"label":"unnamed-chunk-17"},"row":42,"row_count":1,"visible":true}],"doc_write_time":1578463710}